{
  "GET Stays List" : {
    "transaction" : "GET Stays List",
    "sampleCount" : 212,
    "errorCount" : 0,
    "errorPct" : 0.0,
    "meanResTime" : 50.047169811320764,
    "medianResTime" : 25.0,
    "minResTime" : 15.0,
    "maxResTime" : 1660.0,
    "pct1ResTime" : 45.0,
    "pct2ResTime" : 53.349999999999994,
    "pct3ResTime" : 1627.190000000001,
    "throughput" : 3.702539383142967,
    "receivedKBytesPerSec" : 27.197755117188862,
    "sentKBytesPerSec" : 1.4209941187257675
  },
  "Total" : {
    "transaction" : "Total",
    "sampleCount" : 1067,
    "errorCount" : 0,
    "errorPct" : 0.0,
    "meanResTime" : 30.76944704779757,
    "medianResTime" : 14.0,
    "minResTime" : 6.0,
    "maxResTime" : 1660.0,
    "pct1ResTime" : 29.0,
    "pct2ResTime" : 37.0,
    "pct3ResTime" : 434.03999999993175,
    "throughput" : 17.980216706266955,
    "receivedKBytesPerSec" : 58.952479520541594,
    "sentKBytesPerSec" : 6.938756071693375
  },
  "GET Dashboard Stats" : {
    "transaction" : "GET Dashboard Stats",
    "sampleCount" : 209,
    "errorCount" : 0,
    "errorPct" : 0.0,
    "meanResTime" : 25.019138755980862,
    "medianResTime" : 16.0,
    "minResTime" : 9.0,
    "maxResTime" : 1591.0,
    "pct1ResTime" : 26.0,
    "pct2ResTime" : 31.0,
    "pct3ResTime" : 53.60000000000002,
    "throughput" : 3.6837930730589585,
    "receivedKBytesPerSec" : 1.9951928373138275,
    "sentKBytesPerSec" : 1.4425791233365648
  },
  "GET Patients List" : {
    "transaction" : "GET Patients List",
    "sampleCount" : 217,
    "errorCount" : 0,
    "errorPct" : 0.0,
    "meanResTime" : 19.58986175115206,
    "medianResTime" : 11.0,
    "minResTime" : 7.0,
    "maxResTime" : 1575.0,
    "pct1ResTime" : 18.0,
    "pct2ResTime" : 21.0,
    "pct3ResTime" : 81.99999999999966,
    "throughput" : 3.656707615051481,
    "receivedKBytesPerSec" : 14.073324913005745,
    "sentKBytesPerSec" : 1.4069753909475422
  },
  "GET Doctors List" : {
    "transaction" : "GET Doctors List",
    "sampleCount" : 215,
    "errorCount" : 0,
    "errorPct" : 0.0,
    "meanResTime" : 28.441860465116292,
    "medianResTime" : 14.0,
    "minResTime" : 9.0,
    "maxResTime" : 1593.0,
    "pct1ResTime" : 22.400000000000006,
    "pct2ResTime" : 28.0,
    "pct3ResTime" : 985.4000000000037,
    "throughput" : 3.690353587366976,
    "receivedKBytesPerSec" : 9.629516392035702,
    "sentKBytesPerSec" : 1.4199212045142466
  },
  "GET Services List" : {
    "transaction" : "GET Services List",
    "sampleCount" : 214,
    "errorCount" : 0,
    "errorPct" : 0.0,
    "meanResTime" : 30.96261682242991,
    "medianResTime" : 11.0,
    "minResTime" : 6.0,
    "maxResTime" : 1604.0,
    "pct1ResTime" : 16.5,
    "pct2ResTime" : 20.25,
    "pct3ResTime" : 1359.4999999999986,
    "throughput" : 3.7017176661880957,
    "receivedKBytesPerSec" : 7.468504588227154,
    "sentKBytesPerSec" : 1.424293711404404
  }
}