{
  "POST Create Acte" : {
    "transaction" : "POST Create Acte",
    "sampleCount" : 331,
    "errorCount" : 0,
    "errorPct" : 0.0,
    "meanResTime" : 13.1570996978852,
    "medianResTime" : 8.0,
    "minResTime" : 6.0,
    "maxResTime" : 1449.0,
    "pct1ResTime" : 12.0,
    "pct2ResTime" : 14.0,
    "pct3ResTime" : 17.680000000000007,
    "throughput" : 5.5915940266234205,
    "receivedKBytesPerSec" : 3.1507321810172986,
    "sentKBytesPerSec" : 3.4401408562233935
  },
  "SCENARIO: Patient Lifecycle" : {
    "transaction" : "SCENARIO: Patient Lifecycle",
    "sampleCount" : 328,
    "errorCount" : 1,
    "errorPct" : 0.30487806,
    "meanResTime" : 127.05182926829264,
    "medianResTime" : 95.0,
    "minResTime" : 84.0,
    "maxResTime" : 1536.0,
    "pct1ResTime" : 140.10000000000002,
    "pct2ResTime" : 148.55,
    "pct3ResTime" : 1530.1299999999999,
    "throughput" : 5.5512304099109775,
    "receivedKBytesPerSec" : 39.52175840617913,
    "sentKBytesPerSec" : 36.7768022987679
  },
  "GET Sejour" : {
    "transaction" : "GET Sejour",
    "sampleCount" : 330,
    "errorCount" : 0,
    "errorPct" : 0.0,
    "meanResTime" : 14.624242424242453,
    "medianResTime" : 5.0,
    "minResTime" : 4.0,
    "maxResTime" : 1447.0,
    "pct1ResTime" : 7.0,
    "pct2ResTime" : 9.0,
    "pct3ResTime" : 37.93999999999994,
    "throughput" : 5.5911355087933305,
    "receivedKBytesPerSec" : 3.8275253824844975,
    "sentKBytesPerSec" : 2.145816655230253
  },
  "GET Patient" : {
    "transaction" : "GET Patient",
    "sampleCount" : 331,
    "errorCount" : 0,
    "errorPct" : 0.0,
    "meanResTime" : 5.622356495468279,
    "medianResTime" : 5.0,
    "minResTime" : 4.0,
    "maxResTime" : 51.0,
    "pct1ResTime" : 7.0,
    "pct2ResTime" : 8.0,
    "pct3ResTime" : 11.680000000000007,
    "throughput" : 5.593294805502045,
    "receivedKBytesPerSec" : 3.5832044847747477,
    "sentKBytesPerSec" : 2.152107571648248
  },
  "POST Create Sejour" : {
    "transaction" : "POST Create Sejour",
    "sampleCount" : 332,
    "errorCount" : 0,
    "errorPct" : 0.0,
    "meanResTime" : 9.16867469879518,
    "medianResTime" : 8.0,
    "minResTime" : 7.0,
    "maxResTime" : 55.0,
    "pct1ResTime" : 12.0,
    "pct2ResTime" : 14.0,
    "pct3ResTime" : 29.720000000000255,
    "throughput" : 5.590354953862733,
    "receivedKBytesPerSec" : 3.8269910377517347,
    "sentKBytesPerSec" : 3.444837867077524
  },
  "DELETE Patient" : {
    "transaction" : "DELETE Patient",
    "sampleCount" : 328,
    "errorCount" : 0,
    "errorPct" : 0.0,
    "meanResTime" : 8.33841463414634,
    "medianResTime" : 8.0,
    "minResTime" : 6.0,
    "maxResTime" : 55.0,
    "pct1ResTime" : 11.0,
    "pct2ResTime" : 11.550000000000011,
    "pct3ResTime" : 17.0,
    "throughput" : 5.602815072939086,
    "receivedKBytesPerSec" : 1.8165376994294693,
    "sentKBytesPerSec" : 2.276143623381504
  },
  "DELETE Medecin" : {
    "transaction" : "DELETE Medecin",
    "sampleCount" : 329,
    "errorCount" : 1,
    "errorPct" : 0.30395138,
    "meanResTime" : 8.659574468085102,
    "medianResTime" : 8.0,
    "minResTime" : 6.0,
    "maxResTime" : 23.0,
    "pct1ResTime" : 11.0,
    "pct2ResTime" : 12.0,
    "pct3ResTime" : 17.399999999999977,
    "throughput" : 5.595333253966904,
    "receivedKBytesPerSec" : 2.0998609935968298,
    "sentKBytesPerSec" : 2.273054308959336
  },
  "PUT Update Acte" : {
    "transaction" : "PUT Update Acte",
    "sampleCount" : 330,
    "errorCount" : 0,
    "errorPct" : 0.0,
    "meanResTime" : 9.648484848484845,
    "medianResTime" : 8.0,
    "minResTime" : 6.0,
    "maxResTime" : 79.0,
    "pct1ResTime" : 13.0,
    "pct2ResTime" : 15.0,
    "pct3ResTime" : 52.139999999999986,
    "throughput" : 5.590472479628657,
    "receivedKBytesPerSec" : 3.182856890257331,
    "sentKBytesPerSec" : 3.5868558780429955
  },
  "DELETE Acte" : {
    "transaction" : "DELETE Acte",
    "sampleCount" : 329,
    "errorCount" : 0,
    "errorPct" : 0.0,
    "meanResTime" : 13.003039513677816,
    "medianResTime" : 8.0,
    "minResTime" : 6.0,
    "maxResTime" : 1436.0,
    "pct1ResTime" : 12.0,
    "pct2ResTime" : 14.0,
    "pct3ResTime" : 23.0,
    "throughput" : 5.595523581135092,
    "receivedKBytesPerSec" : 1.8141736610711432,
    "sentKBytesPerSec" : 2.2567883193445244
  },
  "POST Create Medecin" : {
    "transaction" : "POST Create Medecin",
    "sampleCount" : 332,
    "errorCount" : 1,
    "errorPct" : 0.30120483,
    "meanResTime" : 13.397590361445788,
    "medianResTime" : 8.0,
    "minResTime" : 6.0,
    "maxResTime" : 1449.0,
    "pct1ResTime" : 11.0,
    "pct2ResTime" : 12.349999999999966,
    "pct3ResTime" : 36.670000000000016,
    "throughput" : 5.587814524951612,
    "receivedKBytesPerSec" : 4.069988376251788,
    "sentKBytesPerSec" : 3.770683434317933
  },
  "Total" : {
    "transaction" : "Total",
    "sampleCount" : 4297,
    "errorCount" : 3,
    "errorPct" : 0.06981615,
    "meanResTime" : 9.772399348382596,
    "medianResTime" : 8.0,
    "minResTime" : 3.0,
    "maxResTime" : 1449.0,
    "pct1ResTime" : 11.0,
    "pct2ResTime" : 12.0,
    "pct3ResTime" : 20.0,
    "throughput" : 71.85258264635554,
    "receivedKBytesPerSec" : 39.37797265082855,
    "sentKBytesPerSec" : 36.6487806840794
  },
  "GET Medecin" : {
    "transaction" : "GET Medecin",
    "sampleCount" : 330,
    "errorCount" : 1,
    "errorPct" : 0.3030303,
    "meanResTime" : 5.915151515151514,
    "medianResTime" : 5.0,
    "minResTime" : 3.0,
    "maxResTime" : 34.0,
    "pct1ResTime" : 7.0,
    "pct2ResTime" : 9.0,
    "pct3ResTime" : 18.829999999999984,
    "throughput" : 5.5910407807126035,
    "receivedKBytesPerSec" : 3.8970176350744623,
    "sentKBytesPerSec" : 2.151190664020805
  },
  "DELETE Sejour" : {
    "transaction" : "DELETE Sejour",
    "sampleCount" : 329,
    "errorCount" : 0,
    "errorPct" : 0.0,
    "meanResTime" : 8.942249240121583,
    "medianResTime" : 8.0,
    "minResTime" : 6.0,
    "maxResTime" : 55.0,
    "pct1ResTime" : 11.0,
    "pct2ResTime" : 14.0,
    "pct3ResTime" : 41.69999999999976,
    "throughput" : 5.595142939745923,
    "receivedKBytesPerSec" : 1.8140502499957483,
    "sentKBytesPerSec" : 2.2675628124946856
  },
  "POST Create Service" : {
    "transaction" : "POST Create Service",
    "sampleCount" : 333,
    "errorCount" : 0,
    "errorPct" : 0.0,
    "meanResTime" : 8.261261261261264,
    "medianResTime" : 7.0,
    "minResTime" : 5.0,
    "maxResTime" : 143.0,
    "pct1ResTime" : 10.600000000000023,
    "pct2ResTime" : 12.0,
    "pct3ResTime" : 14.0,
    "throughput" : 5.580039211086349,
    "receivedKBytesPerSec" : 3.1333227991939943,
    "sentKBytesPerSec" : 3.438481193550279
  },
  "POST Create Patient" : {
    "transaction" : "POST Create Patient",
    "sampleCount" : 333,
    "errorCount" : 0,
    "errorPct" : 0.0,
    "meanResTime" : 8.309309309309299,
    "medianResTime" : 7.0,
    "minResTime" : 5.0,
    "maxResTime" : 83.0,
    "pct1ResTime" : 10.0,
    "pct2ResTime" : 11.0,
    "pct3ResTime" : 20.980000000000075,
    "throughput" : 5.591376183759823,
    "receivedKBytesPerSec" : 3.5819753677211366,
    "sentKBytesPerSec" : 3.8386107980304254
  }
}