{
  "GET Stays List" : {
    "transaction" : "GET Stays List",
    "sampleCount" : 442,
    "errorCount" : 442,
    "errorPct" : 100.0,
    "meanResTime" : 3.257918552036199,
    "medianResTime" : 3.0,
    "minResTime" : 1.0,
    "maxResTime" : 36.0,
    "pct1ResTime" : 5.0,
    "pct2ResTime" : 7.0,
    "pct3ResTime" : 14.139999999999986,
    "throughput" : 1.736643170906119,
    "receivedKBytesPerSec" : 0.9463348528961079,
    "sentKBytesPerSec" : 0.3137490103687813
  },
  "Total" : {
    "transaction" : "Total",
    "sampleCount" : 2240,
    "errorCount" : 2240,
    "errorPct" : 100.0,
    "meanResTime" : 5.220535714285712,
    "medianResTime" : 3.0,
    "minResTime" : 1.0,
    "maxResTime" : 1732.0,
    "pct1ResTime" : 5.0,
    "pct2ResTime" : 7.0,
    "pct3ResTime" : 15.590000000000146,
    "throughput" : 8.683281194881516,
    "receivedKBytesPerSec" : 4.747953923127764,
    "sentKBytesPerSec" : 1.5871965636593053
  },
  "GET Dashboard Stats" : {
    "transaction" : "GET Dashboard Stats",
    "sampleCount" : 439,
    "errorCount" : 439,
    "errorPct" : 100.0,
    "meanResTime" : 3.2642369020501136,
    "medianResTime" : 3.0,
    "minResTime" : 1.0,
    "maxResTime" : 30.0,
    "pct1ResTime" : 5.0,
    "pct2ResTime" : 7.0,
    "pct3ResTime" : 13.0,
    "throughput" : 1.728434919897475,
    "receivedKBytesPerSec" : 0.9531353351746349,
    "sentKBytesPerSec" : 0.32576947220723895
  },
  "GET Patients List" : {
    "transaction" : "GET Patients List",
    "sampleCount" : 456,
    "errorCount" : 456,
    "errorPct" : 100.0,
    "meanResTime" : 12.747807017543856,
    "medianResTime" : 3.0,
    "minResTime" : 1.0,
    "maxResTime" : 1732.0,
    "pct1ResTime" : 6.0,
    "pct2ResTime" : 7.0,
    "pct3ResTime" : 176.5800000000021,
    "throughput" : 1.7687444241883556,
    "receivedKBytesPerSec" : 0.9655548175012606,
    "sentKBytesPerSec" : 0.32127584267483805
  },
  "GET Doctors List" : {
    "transaction" : "GET Doctors List",
    "sampleCount" : 453,
    "errorCount" : 453,
    "errorPct" : 100.0,
    "meanResTime" : 3.4348785871964673,
    "medianResTime" : 3.0,
    "minResTime" : 1.0,
    "maxResTime" : 50.0,
    "pct1ResTime" : 5.0,
    "pct2ResTime" : 8.0,
    "pct3ResTime" : 15.0,
    "throughput" : 1.7714064497964643,
    "receivedKBytesPerSec" : 0.967008013121312,
    "sentKBytesPerSec" : 0.3217593746700609
  },
  "GET Services List" : {
    "transaction" : "GET Services List",
    "sampleCount" : 450,
    "errorCount" : 450,
    "errorPct" : 100.0,
    "meanResTime" : 3.2266666666666666,
    "medianResTime" : 3.0,
    "minResTime" : 1.0,
    "maxResTime" : 20.0,
    "pct1ResTime" : 5.0,
    "pct2ResTime" : 8.0,
    "pct3ResTime" : 14.0,
    "throughput" : 1.764525969901108,
    "receivedKBytesPerSec" : 0.9632519698971869,
    "sentKBytesPerSec" : 0.3205096000015685
  }
}